{
    "$schema": "https://schema.management.azure.com/schemas/2015-01-01/deploymentParameters.json#",
    "contentVersion": "1.0.0.0",
    "parameters": {
        "replicationRecoveryServicesProviders_e2c191c1_f2c8_5b63_b101_062d4ac600f3_machineName": {
            "value": null
        },
        "replicationRecoveryServicesProviders_e2c191c1_f2c8_5b63_b101_062d4ac600f3_tenantId": {
            "value": null
        },
        "replicationRecoveryServicesProviders_e2c191c1_f2c8_5b63_b101_062d4ac600f3_applicationId": {
            "value": null
        },
        "replicationRecoveryServicesProviders_e2c191c1_f2c8_5b63_b101_062d4ac600f3_objectId": {
            "value": null
        },
        "replicationRecoveryServicesProviders_e2c191c1_f2c8_5b63_b101_062d4ac600f3_audience": {
            "value": null
        },
        "replicationRecoveryServicesProviders_e2c191c1_f2c8_5b63_b101_062d4ac600f3_aadAuthority": {
            "value": null
        },
        "replicationRecoveryServicesProviders_e2c191c1_f2c8_5b63_b101_062d4ac600f3_tenantId_1": {
            "value": null
        },
        "replicationRecoveryServicesProviders_e2c191c1_f2c8_5b63_b101_062d4ac600f3_applicationId_1": {
            "value": null
        },
        "replicationRecoveryServicesProviders_e2c191c1_f2c8_5b63_b101_062d4ac600f3_objectId_1": {
            "value": null
        },
        "replicationRecoveryServicesProviders_e2c191c1_f2c8_5b63_b101_062d4ac600f3_audience_1": {
            "value": null
        },
        "replicationRecoveryServicesProviders_e2c191c1_f2c8_5b63_b101_062d4ac600f3_aadAuthority_1": {
            "value": null
        },
        "replicationRecoveryServicesProviders_0a1c20b4_8bfd_5a8e_a8d6_eb75151bf69b_machineName": {
            "value": null
        },
        "replicationRecoveryServicesProviders_0a1c20b4_8bfd_5a8e_a8d6_eb75151bf69b_tenantId": {
            "value": null
        },
        "replicationRecoveryServicesProviders_0a1c20b4_8bfd_5a8e_a8d6_eb75151bf69b_applicationId": {
            "value": null
        },
        "replicationRecoveryServicesProviders_0a1c20b4_8bfd_5a8e_a8d6_eb75151bf69b_objectId": {
            "value": null
        },
        "replicationRecoveryServicesProviders_0a1c20b4_8bfd_5a8e_a8d6_eb75151bf69b_audience": {
            "value": null
        },
        "replicationRecoveryServicesProviders_0a1c20b4_8bfd_5a8e_a8d6_eb75151bf69b_aadAuthority": {
            "value": null
        },
        "replicationRecoveryServicesProviders_0a1c20b4_8bfd_5a8e_a8d6_eb75151bf69b_tenantId_1": {
            "value": null
        },
        "replicationRecoveryServicesProviders_0a1c20b4_8bfd_5a8e_a8d6_eb75151bf69b_applicationId_1": {
            "value": null
        },
        "replicationRecoveryServicesProviders_0a1c20b4_8bfd_5a8e_a8d6_eb75151bf69b_objectId_1": {
            "value": null
        },
        "replicationRecoveryServicesProviders_0a1c20b4_8bfd_5a8e_a8d6_eb75151bf69b_audience_1": {
            "value": null
        },
        "replicationRecoveryServicesProviders_0a1c20b4_8bfd_5a8e_a8d6_eb75151bf69b_aadAuthority_1": {
            "value": null
        },
        "vaults_recoverywest_name": {
            "value": null
        },
        "virtualmachines_deploy_externalid": {
            "value": null
        }
    }
}