{
    "$schema": "https://schema.management.azure.com/schemas/2019-04-01/deploymentTemplate.json#",
    "contentVersion": "1.0.0.0",
    "parameters": {
        "replicationRecoveryServicesProviders_e2c191c1_f2c8_5b63_b101_062d4ac600f3_machineName": {
            "type": "SecureString"
        },
        "replicationRecoveryServicesProviders_e2c191c1_f2c8_5b63_b101_062d4ac600f3_tenantId": {
            "type": "SecureString"
        },
        "replicationRecoveryServicesProviders_e2c191c1_f2c8_5b63_b101_062d4ac600f3_applicationId": {
            "type": "SecureString"
        },
        "replicationRecoveryServicesProviders_e2c191c1_f2c8_5b63_b101_062d4ac600f3_objectId": {
            "type": "SecureString"
        },
        "replicationRecoveryServicesProviders_e2c191c1_f2c8_5b63_b101_062d4ac600f3_audience": {
            "type": "SecureString"
        },
        "replicationRecoveryServicesProviders_e2c191c1_f2c8_5b63_b101_062d4ac600f3_aadAuthority": {
            "type": "SecureString"
        },
        "replicationRecoveryServicesProviders_e2c191c1_f2c8_5b63_b101_062d4ac600f3_tenantId_1": {
            "type": "SecureString"
        },
        "replicationRecoveryServicesProviders_e2c191c1_f2c8_5b63_b101_062d4ac600f3_applicationId_1": {
            "type": "SecureString"
        },
        "replicationRecoveryServicesProviders_e2c191c1_f2c8_5b63_b101_062d4ac600f3_objectId_1": {
            "type": "SecureString"
        },
        "replicationRecoveryServicesProviders_e2c191c1_f2c8_5b63_b101_062d4ac600f3_audience_1": {
            "type": "SecureString"
        },
        "replicationRecoveryServicesProviders_e2c191c1_f2c8_5b63_b101_062d4ac600f3_aadAuthority_1": {
            "type": "SecureString"
        },
        "replicationRecoveryServicesProviders_0a1c20b4_8bfd_5a8e_a8d6_eb75151bf69b_machineName": {
            "type": "SecureString"
        },
        "replicationRecoveryServicesProviders_0a1c20b4_8bfd_5a8e_a8d6_eb75151bf69b_tenantId": {
            "type": "SecureString"
        },
        "replicationRecoveryServicesProviders_0a1c20b4_8bfd_5a8e_a8d6_eb75151bf69b_applicationId": {
            "type": "SecureString"
        },
        "replicationRecoveryServicesProviders_0a1c20b4_8bfd_5a8e_a8d6_eb75151bf69b_objectId": {
            "type": "SecureString"
        },
        "replicationRecoveryServicesProviders_0a1c20b4_8bfd_5a8e_a8d6_eb75151bf69b_audience": {
            "type": "SecureString"
        },
        "replicationRecoveryServicesProviders_0a1c20b4_8bfd_5a8e_a8d6_eb75151bf69b_aadAuthority": {
            "type": "SecureString"
        },
        "replicationRecoveryServicesProviders_0a1c20b4_8bfd_5a8e_a8d6_eb75151bf69b_tenantId_1": {
            "type": "SecureString"
        },
        "replicationRecoveryServicesProviders_0a1c20b4_8bfd_5a8e_a8d6_eb75151bf69b_applicationId_1": {
            "type": "SecureString"
        },
        "replicationRecoveryServicesProviders_0a1c20b4_8bfd_5a8e_a8d6_eb75151bf69b_objectId_1": {
            "type": "SecureString"
        },
        "replicationRecoveryServicesProviders_0a1c20b4_8bfd_5a8e_a8d6_eb75151bf69b_audience_1": {
            "type": "SecureString"
        },
        "replicationRecoveryServicesProviders_0a1c20b4_8bfd_5a8e_a8d6_eb75151bf69b_aadAuthority_1": {
            "type": "SecureString"
        },
        "vaults_recoverywest_name": {
            "defaultValue": "recoverywest",
            "type": "String"
        },
        "virtualmachines_deploy_externalid": {
            "defaultValue": "/subscriptions/23afd122-abf5-48fe-b407-de43f21460af/resourceGroups/deploy2025/providers/microsoft.compute/virtualmachines/deploy",
            "type": "String"
        }
    },
    "variables": {},
    "resources": [
        {
            "type": "Microsoft.RecoveryServices/vaults",
            "apiVersion": "2024-04-30-preview",
            "name": "[parameters('vaults_recoverywest_name')]",
            "location": "westus",
            "sku": {
                "name": "RS0",
                "tier": "Standard"
            },
            "properties": {
                "securitySettings": {
                    "immutabilitySettings": {
                        "state": "Disabled"
                    },
                    "softDeleteSettings": {
                        "softDeleteRetentionPeriodInDays": 14,
                        "softDeleteState": "Enabled",
                        "enhancedSecurityState": "Enabled"
                    }
                },
                "redundancySettings": {
                    "standardTierStorageRedundancy": "GeoRedundant",
                    "crossRegionRestore": "Disabled"
                },
                "publicNetworkAccess": "Enabled",
                "restoreSettings": {
                    "crossSubscriptionRestoreSettings": {
                        "crossSubscriptionRestoreState": "Enabled"
                    }
                }
            }
        },
        {
            "type": "Microsoft.RecoveryServices/vaults/backupPolicies",
            "apiVersion": "2024-04-30-preview",
            "name": "[concat(parameters('vaults_recoverywest_name'), '/DefaultPolicy')]",
            "dependsOn": [
                "[resourceId('Microsoft.RecoveryServices/vaults', parameters('vaults_recoverywest_name'))]"
            ],
            "properties": {
                "backupManagementType": "AzureIaasVM",
                "instantRPDetails": {},
                "schedulePolicy": {
                    "schedulePolicyType": "SimpleSchedulePolicy",
                    "scheduleRunFrequency": "Daily",
                    "scheduleRunTimes": [
                        "2025-02-20T03:00:00Z"
                    ],
                    "scheduleWeeklyFrequency": 0
                },
                "retentionPolicy": {
                    "retentionPolicyType": "LongTermRetentionPolicy",
                    "dailySchedule": {
                        "retentionTimes": [
                            "2025-02-20T03:00:00Z"
                        ],
                        "retentionDuration": {
                            "count": 30,
                            "durationType": "Days"
                        }
                    }
                },
                "instantRpRetentionRangeInDays": 2,
                "timeZone": "UTC",
                "protectedItemsCount": 0
            }
        },
        {
            "type": "Microsoft.RecoveryServices/vaults/backupPolicies",
            "apiVersion": "2024-04-30-preview",
            "name": "[concat(parameters('vaults_recoverywest_name'), '/EnhancedPolicy')]",
            "dependsOn": [
                "[resourceId('Microsoft.RecoveryServices/vaults', parameters('vaults_recoverywest_name'))]"
            ],
            "properties": {
                "backupManagementType": "AzureIaasVM",
                "policyType": "V2",
                "instantRPDetails": {},
                "schedulePolicy": {
                    "schedulePolicyType": "SimpleSchedulePolicyV2",
                    "scheduleRunFrequency": "Hourly",
                    "hourlySchedule": {
                        "interval": 4,
                        "scheduleWindowStartTime": "2025-02-20T08:00:00Z",
                        "scheduleWindowDuration": 12
                    }
                },
                "retentionPolicy": {
                    "retentionPolicyType": "LongTermRetentionPolicy",
                    "dailySchedule": {
                        "retentionTimes": [
                            "2025-02-20T08:00:00Z"
                        ],
                        "retentionDuration": {
                            "count": 30,
                            "durationType": "Days"
                        }
                    }
                },
                "instantRpRetentionRangeInDays": 2,
                "timeZone": "UTC",
                "protectedItemsCount": 0
            }
        },
        {
            "type": "Microsoft.RecoveryServices/vaults/backupPolicies",
            "apiVersion": "2024-04-30-preview",
            "name": "[concat(parameters('vaults_recoverywest_name'), '/HourlyLogBackup')]",
            "dependsOn": [
                "[resourceId('Microsoft.RecoveryServices/vaults', parameters('vaults_recoverywest_name'))]"
            ],
            "properties": {
                "backupManagementType": "AzureWorkload",
                "workLoadType": "SQLDataBase",
                "settings": {
                    "timeZone": "UTC",
                    "issqlcompression": false,
                    "isCompression": false
                },
                "subProtectionPolicy": [
                    {
                        "policyType": "Full",
                        "schedulePolicy": {
                            "schedulePolicyType": "SimpleSchedulePolicy",
                            "scheduleRunFrequency": "Daily",
                            "scheduleRunTimes": [
                                "2025-02-20T03:00:00Z"
                            ],
                            "scheduleWeeklyFrequency": 0
                        },
                        "retentionPolicy": {
                            "retentionPolicyType": "LongTermRetentionPolicy",
                            "dailySchedule": {
                                "retentionTimes": [
                                    "2025-02-20T03:00:00Z"
                                ],
                                "retentionDuration": {
                                    "count": 30,
                                    "durationType": "Days"
                                }
                            }
                        }
                    },
                    {
                        "policyType": "Log",
                        "schedulePolicy": {
                            "schedulePolicyType": "LogSchedulePolicy",
                            "scheduleFrequencyInMins": 60
                        },
                        "retentionPolicy": {
                            "retentionPolicyType": "SimpleRetentionPolicy",
                            "retentionDuration": {
                                "count": 30,
                                "durationType": "Days"
                            }
                        }
                    }
                ],
                "protectedItemsCount": 0
            }
        },
        {
            "type": "Microsoft.RecoveryServices/vaults/replicationAlertSettings",
            "apiVersion": "2024-04-01",
            "name": "[concat(parameters('vaults_recoverywest_name'), '/defaultAlertSetting')]",
            "dependsOn": [
                "[resourceId('Microsoft.RecoveryServices/vaults', parameters('vaults_recoverywest_name'))]"
            ],
            "properties": {
                "sendToOwners": "DoNotSend",
                "customEmailAddresses": []
            }
        },
        {
            "type": "Microsoft.RecoveryServices/vaults/replicationFabrics",
            "apiVersion": "2024-04-01",
            "name": "[concat(parameters('vaults_recoverywest_name'), '/asr-a2a-default-eastus')]",
            "dependsOn": [
                "[resourceId('Microsoft.RecoveryServices/vaults', parameters('vaults_recoverywest_name'))]"
            ],
            "properties": {
                "customDetails": {
                    "instanceType": "Azure",
                    "location": "eastus"
                }
            }
        },
        {
            "type": "Microsoft.RecoveryServices/vaults/replicationFabrics",
            "apiVersion": "2024-04-01",
            "name": "[concat(parameters('vaults_recoverywest_name'), '/asr-a2a-default-westus')]",
            "dependsOn": [
                "[resourceId('Microsoft.RecoveryServices/vaults', parameters('vaults_recoverywest_name'))]"
            ],
            "properties": {
                "customDetails": {
                    "instanceType": "Azure",
                    "location": "westus"
                }
            }
        },
        {
            "type": "Microsoft.RecoveryServices/vaults/replicationPolicies",
            "apiVersion": "2024-04-01",
            "name": "[concat(parameters('vaults_recoverywest_name'), '/24-hour-retention-policy')]",
            "dependsOn": [
                "[resourceId('Microsoft.RecoveryServices/vaults', parameters('vaults_recoverywest_name'))]"
            ],
            "properties": {}
        },
        {
            "type": "Microsoft.RecoveryServices/vaults/replicationVaultSettings",
            "apiVersion": "2024-04-01",
            "name": "[concat(parameters('vaults_recoverywest_name'), '/default')]",
            "dependsOn": [
                "[resourceId('Microsoft.RecoveryServices/vaults', parameters('vaults_recoverywest_name'))]"
            ],
            "properties": {}
        },
        {
            "type": "Microsoft.RecoveryServices/vaults/replicationFabrics/replicationProtectionContainers",
            "apiVersion": "2024-04-01",
            "name": "[concat(parameters('vaults_recoverywest_name'), '/asr-a2a-default-eastus/asr-a2a-default-eastus-container')]",
            "dependsOn": [
                "[resourceId('Microsoft.RecoveryServices/vaults/replicationFabrics', parameters('vaults_recoverywest_name'), 'asr-a2a-default-eastus')]",
                "[resourceId('Microsoft.RecoveryServices/vaults', parameters('vaults_recoverywest_name'))]"
            ],
            "properties": {}
        },
        {
            "type": "Microsoft.RecoveryServices/vaults/replicationFabrics/replicationProtectionContainers",
            "apiVersion": "2024-04-01",
            "name": "[concat(parameters('vaults_recoverywest_name'), '/asr-a2a-default-westus/asr-a2a-default-westus-container')]",
            "dependsOn": [
                "[resourceId('Microsoft.RecoveryServices/vaults/replicationFabrics', parameters('vaults_recoverywest_name'), 'asr-a2a-default-westus')]",
                "[resourceId('Microsoft.RecoveryServices/vaults', parameters('vaults_recoverywest_name'))]"
            ],
            "properties": {}
        },
        {
            "type": "Microsoft.RecoveryServices/vaults/replicationFabrics/replicationRecoveryServicesProviders",
            "apiVersion": "2024-04-01",
            "name": "[concat(parameters('vaults_recoverywest_name'), '/asr-a2a-default-westus/0a1c20b4-8bfd-5a8e-a8d6-eb75151bf69b')]",
            "dependsOn": [
                "[resourceId('Microsoft.RecoveryServices/vaults/replicationFabrics', parameters('vaults_recoverywest_name'), 'asr-a2a-default-westus')]",
                "[resourceId('Microsoft.RecoveryServices/vaults', parameters('vaults_recoverywest_name'))]"
            ],
            "properties": {
                "machineName": "[parameters('replicationRecoveryServicesProviders_0a1c20b4_8bfd_5a8e_a8d6_eb75151bf69b_machineName')]",
                "authenticationIdentityInput": {
                    "tenantId": "[parameters('replicationRecoveryServicesProviders_0a1c20b4_8bfd_5a8e_a8d6_eb75151bf69b_tenantId')]",
                    "applicationId": "[parameters('replicationRecoveryServicesProviders_0a1c20b4_8bfd_5a8e_a8d6_eb75151bf69b_applicationId')]",
                    "objectId": "[parameters('replicationRecoveryServicesProviders_0a1c20b4_8bfd_5a8e_a8d6_eb75151bf69b_objectId')]",
                    "audience": "[parameters('replicationRecoveryServicesProviders_0a1c20b4_8bfd_5a8e_a8d6_eb75151bf69b_audience')]",
                    "aadAuthority": "[parameters('replicationRecoveryServicesProviders_0a1c20b4_8bfd_5a8e_a8d6_eb75151bf69b_aadAuthority')]"
                },
                "resourceAccessIdentityInput": {
                    "tenantId": "[parameters('replicationRecoveryServicesProviders_0a1c20b4_8bfd_5a8e_a8d6_eb75151bf69b_tenantId_1')]",
                    "applicationId": "[parameters('replicationRecoveryServicesProviders_0a1c20b4_8bfd_5a8e_a8d6_eb75151bf69b_applicationId_1')]",
                    "objectId": "[parameters('replicationRecoveryServicesProviders_0a1c20b4_8bfd_5a8e_a8d6_eb75151bf69b_objectId_1')]",
                    "audience": "[parameters('replicationRecoveryServicesProviders_0a1c20b4_8bfd_5a8e_a8d6_eb75151bf69b_audience_1')]",
                    "aadAuthority": "[parameters('replicationRecoveryServicesProviders_0a1c20b4_8bfd_5a8e_a8d6_eb75151bf69b_aadAuthority_1')]"
                }
            }
        },
        {
            "type": "Microsoft.RecoveryServices/vaults/replicationFabrics/replicationRecoveryServicesProviders",
            "apiVersion": "2024-04-01",
            "name": "[concat(parameters('vaults_recoverywest_name'), '/asr-a2a-default-eastus/e2c191c1-f2c8-5b63-b101-062d4ac600f3')]",
            "dependsOn": [
                "[resourceId('Microsoft.RecoveryServices/vaults/replicationFabrics', parameters('vaults_recoverywest_name'), 'asr-a2a-default-eastus')]",
                "[resourceId('Microsoft.RecoveryServices/vaults', parameters('vaults_recoverywest_name'))]"
            ],
            "properties": {
                "machineName": "[parameters('replicationRecoveryServicesProviders_e2c191c1_f2c8_5b63_b101_062d4ac600f3_machineName')]",
                "authenticationIdentityInput": {
                    "tenantId": "[parameters('replicationRecoveryServicesProviders_e2c191c1_f2c8_5b63_b101_062d4ac600f3_tenantId')]",
                    "applicationId": "[parameters('replicationRecoveryServicesProviders_e2c191c1_f2c8_5b63_b101_062d4ac600f3_applicationId')]",
                    "objectId": "[parameters('replicationRecoveryServicesProviders_e2c191c1_f2c8_5b63_b101_062d4ac600f3_objectId')]",
                    "audience": "[parameters('replicationRecoveryServicesProviders_e2c191c1_f2c8_5b63_b101_062d4ac600f3_audience')]",
                    "aadAuthority": "[parameters('replicationRecoveryServicesProviders_e2c191c1_f2c8_5b63_b101_062d4ac600f3_aadAuthority')]"
                },
                "resourceAccessIdentityInput": {
                    "tenantId": "[parameters('replicationRecoveryServicesProviders_e2c191c1_f2c8_5b63_b101_062d4ac600f3_tenantId_1')]",
                    "applicationId": "[parameters('replicationRecoveryServicesProviders_e2c191c1_f2c8_5b63_b101_062d4ac600f3_applicationId_1')]",
                    "objectId": "[parameters('replicationRecoveryServicesProviders_e2c191c1_f2c8_5b63_b101_062d4ac600f3_objectId_1')]",
                    "audience": "[parameters('replicationRecoveryServicesProviders_e2c191c1_f2c8_5b63_b101_062d4ac600f3_audience_1')]",
                    "aadAuthority": "[parameters('replicationRecoveryServicesProviders_e2c191c1_f2c8_5b63_b101_062d4ac600f3_aadAuthority_1')]"
                }
            }
        },
        {
            "type": "Microsoft.RecoveryServices/vaults/replicationRecoveryPlans",
            "apiVersion": "2024-04-01",
            "name": "[concat(parameters('vaults_recoverywest_name'), '/westplan')]",
            "dependsOn": [
                "[resourceId('Microsoft.RecoveryServices/vaults', parameters('vaults_recoverywest_name'))]",
                "[resourceId('Microsoft.RecoveryServices/vaults/replicationFabrics', parameters('vaults_recoverywest_name'), 'asr-a2a-default-eastus')]",
                "[resourceId('Microsoft.RecoveryServices/vaults/replicationFabrics', parameters('vaults_recoverywest_name'), 'asr-a2a-default-westus')]"
            ],
            "properties": {
                "primaryFabricId": "[resourceId('Microsoft.RecoveryServices/vaults/replicationFabrics', parameters('vaults_recoverywest_name'), 'asr-a2a-default-eastus')]",
                "recoveryFabricId": "[resourceId('Microsoft.RecoveryServices/vaults/replicationFabrics', parameters('vaults_recoverywest_name'), 'asr-a2a-default-westus')]",
                "failoverDeploymentModel": "ResourceManager",
                "groups": []
            }
        },
        {
            "type": "Microsoft.RecoveryServices/vaults/replicationFabrics/replicationProtectionContainers/replicationProtectedItems",
            "apiVersion": "2024-04-01",
            "name": "[concat(parameters('vaults_recoverywest_name'), '/asr-a2a-default-eastus/asr-a2a-default-eastus-container/DhutbCNXWqoEVMD9qW9htjxv6phKueB0klwbtFeJjfw')]",
            "dependsOn": [
                "[resourceId('Microsoft.RecoveryServices/vaults/replicationFabrics/replicationProtectionContainers', parameters('vaults_recoverywest_name'), 'asr-a2a-default-eastus', 'asr-a2a-default-eastus-container')]",
                "[resourceId('Microsoft.RecoveryServices/vaults/replicationFabrics', parameters('vaults_recoverywest_name'), 'asr-a2a-default-eastus')]",
                "[resourceId('Microsoft.RecoveryServices/vaults', parameters('vaults_recoverywest_name'))]",
                "[resourceId('Microsoft.RecoveryServices/vaults/replicationPolicies', parameters('vaults_recoverywest_name'), '24-hour-retention-policy')]"
            ],
            "properties": {
                "policyId": "[resourceId('Microsoft.RecoveryServices/vaults/replicationPolicies', parameters('vaults_recoverywest_name'), '24-hour-retention-policy')]",
                "providerSpecificDetails": {
                    "instanceType": "A2A",
                    "fabricObjectId": "[parameters('virtualmachines_deploy_externalid')]",
                    "multiVmGroupId": "8f348bd4-e158-4bc3-8e07-7ac8953a9367",
                    "autoProtectionOfDataDisk": "Disabled"
                }
            }
        },
        {
            "type": "Microsoft.RecoveryServices/vaults/replicationFabrics/replicationProtectionContainers/replicationProtectionContainerMappings",
            "apiVersion": "2024-04-01",
            "name": "[concat(parameters('vaults_recoverywest_name'), '/asr-a2a-default-eastus/asr-a2a-default-eastus-container/eastus-westus-24-hour-retention-policy')]",
            "dependsOn": [
                "[resourceId('Microsoft.RecoveryServices/vaults/replicationFabrics/replicationProtectionContainers', parameters('vaults_recoverywest_name'), 'asr-a2a-default-eastus', 'asr-a2a-default-eastus-container')]",
                "[resourceId('Microsoft.RecoveryServices/vaults/replicationFabrics', parameters('vaults_recoverywest_name'), 'asr-a2a-default-eastus')]",
                "[resourceId('Microsoft.RecoveryServices/vaults', parameters('vaults_recoverywest_name'))]",
                "[resourceId('Microsoft.RecoveryServices/vaults/replicationFabrics/replicationProtectionContainers', parameters('vaults_recoverywest_name'), 'asr-a2a-default-westus', 'asr-a2a-default-westus-container')]",
                "[resourceId('Microsoft.RecoveryServices/vaults/replicationPolicies', parameters('vaults_recoverywest_name'), '24-hour-retention-policy')]"
            ],
            "properties": {
                "targetProtectionContainerId": "[resourceId('Microsoft.RecoveryServices/vaults/replicationFabrics/replicationProtectionContainers', parameters('vaults_recoverywest_name'), 'asr-a2a-default-westus', 'asr-a2a-default-westus-container')]",
                "policyId": "[resourceId('Microsoft.RecoveryServices/vaults/replicationPolicies', parameters('vaults_recoverywest_name'), '24-hour-retention-policy')]"
            }
        },
        {
            "type": "Microsoft.RecoveryServices/vaults/replicationFabrics/replicationProtectionContainers/replicationProtectionContainerMappings",
            "apiVersion": "2024-04-01",
            "name": "[concat(parameters('vaults_recoverywest_name'), '/asr-a2a-default-westus/asr-a2a-default-westus-container/westus-eastus-24-hour-retention-policy')]",
            "dependsOn": [
                "[resourceId('Microsoft.RecoveryServices/vaults/replicationFabrics/replicationProtectionContainers', parameters('vaults_recoverywest_name'), 'asr-a2a-default-westus', 'asr-a2a-default-westus-container')]",
                "[resourceId('Microsoft.RecoveryServices/vaults/replicationFabrics', parameters('vaults_recoverywest_name'), 'asr-a2a-default-westus')]",
                "[resourceId('Microsoft.RecoveryServices/vaults', parameters('vaults_recoverywest_name'))]",
                "[resourceId('Microsoft.RecoveryServices/vaults/replicationFabrics/replicationProtectionContainers', parameters('vaults_recoverywest_name'), 'asr-a2a-default-eastus', 'asr-a2a-default-eastus-container')]",
                "[resourceId('Microsoft.RecoveryServices/vaults/replicationPolicies', parameters('vaults_recoverywest_name'), '24-hour-retention-policy')]"
            ],
            "properties": {
                "targetProtectionContainerId": "[resourceId('Microsoft.RecoveryServices/vaults/replicationFabrics/replicationProtectionContainers', parameters('vaults_recoverywest_name'), 'asr-a2a-default-eastus', 'asr-a2a-default-eastus-container')]",
                "policyId": "[resourceId('Microsoft.RecoveryServices/vaults/replicationPolicies', parameters('vaults_recoverywest_name'), '24-hour-retention-policy')]"
            }
        }
    ]
}