{
    "$schema": "https://schema.management.azure.com/schemas/2019-04-01/deploymentTemplate.json#",
    "contentVersion": "1.0.0.0",
    "parameters": {
        "virtualMachines_deploy_name": {
            "defaultValue": "deploy",
            "type": "String"
        },
        "disks_deploy_disk1_7b94027690b34bd5a1b1000b02f153ce_externalid": {
            "defaultValue": "/subscriptions/23afd122-abf5-48fe-b407-de43f21460af/resourceGroups/deploy2025/providers/Microsoft.Compute/disks/deploy_disk1_7b94027690b34bd5a1b1000b02f153ce",
            "type": "String"
        },
        "networkInterfaces_deploy213_externalid": {
            "defaultValue": "/subscriptions/23afd122-abf5-48fe-b407-de43f21460af/resourceGroups/deploy2025/providers/Microsoft.Network/networkInterfaces/deploy213",
            "type": "String"
        }
    },
    "variables": {},
    "resources": [
        {
            "type": "Microsoft.Compute/virtualMachines",
            "apiVersion": "2024-07-01",
            "name": "[parameters('virtualMachines_deploy_name')]",
            "location": "eastus",
            "properties": {
                "hardwareProfile": {
                    "vmSize": "Standard_B1s"
                },
                "additionalCapabilities": {
                    "hibernationEnabled": false
                },
                "storageProfile": {
                    "imageReference": {
                        "publisher": "MicrosoftWindowsServer",
                        "offer": "WindowsServer",
                        "sku": "2022-datacenter-azure-edition",
                        "version": "latest"
                    },
                    "osDisk": {
                        "osType": "Windows",
                        "name": "[concat(parameters('virtualMachines_deploy_name'), '_disk1_7b94027690b34bd5a1b1000b02f153ce')]",
                        "createOption": "FromImage",
                        "caching": "ReadWrite",
                        "managedDisk": {
                            "id": "[parameters('disks_deploy_disk1_7b94027690b34bd5a1b1000b02f153ce_externalid')]"
                        },
                        "deleteOption": "Delete"
                    },
                    "dataDisks": [],
                    "diskControllerType": "SCSI"
                },
                "osProfile": {
                    "computerName": "[parameters('virtualMachines_deploy_name')]",
                    "adminUsername": "matshidiso",
                    "windowsConfiguration": {
                        "provisionVMAgent": true,
                        "enableAutomaticUpdates": true,
                        "patchSettings": {
                            "patchMode": "AutomaticByOS",
                            "assessmentMode": "ImageDefault",
                            "enableHotpatching": false
                        }
                    },
                    "secrets": [],
                    "allowExtensionOperations": true,
                    "requireGuestProvisionSignal": true
                },
                "networkProfile": {
                    "networkInterfaces": [
                        {
                            "id": "[parameters('networkInterfaces_deploy213_externalid')]",
                            "properties": {
                                "deleteOption": "Detach"
                            }
                        }
                    ]
                },
                "diagnosticsProfile": {
                    "bootDiagnostics": {
                        "enabled": true
                    }
                }
            }
        }
    ]
}