{
    "$schema": "https://schema.management.azure.com/schemas/2015-01-01/deploymentParameters.json#",
    "contentVersion": "1.0.0.0",
    "parameters": {
        "virtualMachines_deploy_name": {
            "value": null
        },
        "networkInterfaces_deploy213_name": {
            "value": null
        },
        "publicIPAddresses_deploy_ip_name": {
            "value": null
        },
        "virtualNetworks_deploy_vnet_name": {
            "value": null
        },
        "networkSecurityGroups_deploy_nsg_name": {
            "value": null
        }
    }
}